{"schemaVersion":"1.0","appDefinitionTemplate":{"id":"/providers/Microsoft.PowerApps/apps/","type":"Microsoft.PowerApps/apps","tags":{"primaryDeviceWidth":"640","primaryDeviceHeight":"1136","sienaVersion":"20200812T204016Z-3.20074.20.0","deviceCapabilities":"","supportsPortrait":"true","supportsLandscape":"false","primaryFormFactor":"Phone","publisherVersion":"3.20074.20","minimumRequiredApiVersion":"2.2.0","hasComponent":"false","hasUnlockedComponent":"false","isUnifiedRootApp":"false"},"properties":{"appVersion":"2020-08-12T20:40:16Z","lifeCycleId":"Published","createdByClientVersion":{"major":3,"minor":20074,"build":20,"revision":0,"majorRevision":0,"minorRevision":0},"minClientVersion":{"major":3,"minor":20074,"build":20,"revision":0,"majorRevision":0,"minorRevision":0},"backgroundColor":"rgba(0, 176, 240, 1)","backgroundImageUri":"/1028537340731515197/N3647f1f8-7e9a-4a0a-8f74-e93c12127647-logoSmallFile","displayName":"Playwright","description":"","commitMessage":"","appUris":{"documentUri":{"value":"/1028537340731515197/N308d0b10-5834-4275-a06b-74d2c5baca68-document.msapp","readonlyValue":"/1028537340731515197/N308d0b10-5834-4275-a06b-74d2c5baca68-document.msapp"},"imageUris":[]},"createdTime":"0001-01-01T00:00:00Z","lastModifiedTime":"0001-01-01T00:00:00Z","sharedGroupsCount":0,"sharedUsersCount":0,"icons":{"smallIconUri":"/1028537340731515197/N61be5843-a8ff-46e4-a12c-43e56bc4f823-small.png","mediumIconUri":"/1028537340731515197/Nf60f5371-2cf6-48e9-87c1-c37d1f8d8fa8-medium.png","largeIconUri":"/1028537340731515197/Nfdaa2acc-38a9-4175-b5bd-a823a065b25b-large.png","wideIconUri":"/1028537340731515197/Nd0f06f93-c39f-4ff7-8a33-e9ee73ffb6e9-wide.png"},"connectionReferences":{"dd1ebcc1-9930-4e87-a680-45fb1eaf94e6":{"id":"51274c11-4cc8-458e-ba36-84399c855a50","displayName":"Office 365 Users","iconUri":"https://connectoricons-prod.azureedge.net/releases/v1.0.1381/1.0.1381.2096/office365users/icon.png","dataSources":["Office365Users"],"dependencies":[],"dependents":[],"parameterHints":{},"isOnPremiseConnection":false,"bypassConsent":false,"dataSets":{},"apiTier":"Standard","isCustomApiConnection":false}},"databaseReferences":{},"almMode":"Environment","performanceOptimizationEnabled":true,"canConsumeAppPass":true},"isAppComponentLibrary":false,"appType":"ClassicCanvasApp","appComponents":[]}}